<?xml version="1.0" encoding="utf-8" ?>
<component name="MainScene" extends="Scene" initialFocus="mainMenu" focusedChild="mainMenu">
    <interface>
        <field id="nextScene" type="string" />
    </interface>

    <script type="text/brightscript" uri="pkg:/components/MainScene.brs" />

    <children>
        <Poster
            id="overhangLogo"
            uri="pkg:/images/hd_overhang_logo1.png"
            width="379"
            height="53"
            translation="[451, 100]" />

        <LabelList
            id="mainMenu"
            itemSize="[400, 60]"
            itemSpacing="[0, 10]"
            translation="[440, 185]">
            <ContentNode role="content">
                <ContentNode title="Start Push-ups" />
                <ContentNode title="Start Squats" />
                <ContentNode title="Start Sit-ups" />
                <ContentNode title="Start Leg Raises" />
                <ContentNode title="Stopwatch" />
            </ContentNode>
        </LabelList>
    </children>
</component>
