<?xml version="1.0" encoding="utf-8" ?>
<component name="MainScene" extends="Scene" initialFocus="mainMenu" focusedChild="mainMenu">
    <interface>
        <field id="nextScene" type="string" />
    </interface>

    <script type="text/brightscript" uri="pkg:/components/MainScene.brs" />

    <children>
        <LabelList
            id="mainMenu"
            itemSize="[400, 60]"
            itemSpacing="[0, 10]">
            <ContentNode role="content">
                <ContentNode title="Start Push-ups" />
                <ContentNode title="Another Option" />
            </ContentNode>
        </LabelList>
    </children>
</component>
